,date,open,high,low,close,target,naive_pred
1,2019-03-16 00:00:00,52.1,54.89,52.1,53.35,-1.0,0.0
2,2019-03-17 00:00:00,53.56,53.57,51.54,52.36,-1.0,0.0
3,2019-03-18 00:00:00,52.38,53.01,51.27,52.06,1.0,1.0
4,2019-03-19 00:00:00,51.93,54.0,51.61,52.9,1.0,1.0
5,2019-03-20 00:00:00,52.83,54.6,52.41,54.19,-1.0,0.0
6,2019-03-21 00:00:00,54.29,54.29,50.0,52.28,1.0,0.0
7,2019-03-22 00:00:00,52.22,53.25,51.83,52.66,-1.0,1.0
8,2019-03-23 00:00:00,52.9,53.25,51.93,52.67,1.0,0.0
9,2019-03-24 00:00:00,52.56,52.89,52.2,52.64,-1.0,1.0
10,2019-03-25 00:00:00,52.57,52.92,50.0,51.21,1.0,0.0
11,2019-03-26 00:00:00,51.28,52.05,49.76,51.74,1.0,1.0
12,2019-03-27 00:00:00,51.81,53.6,51.67,53.48,-1.0,0.0
13,2019-03-28 00:00:00,53.27,53.35,52.18,52.8,1.0,0.0
14,2019-03-29 00:00:00,52.57,54.15,52.18,53.72,-1.0,1.0
15,2019-03-30 00:00:00,53.58,54.0,53.01,53.53,1.0,0.0
16,2019-03-31 00:00:00,53.5,56.83,50.56,56.07,1.0,1.0
17,2019-04-01 00:00:00,56.01,60.5,55.66,60.13,1.0,0.0
18,2019-04-02 00:00:00,60.05,70.0,58.87,68.94,-1.0,0.0
19,2019-04-03 00:00:00,68.83,72.9,60.01,65.88,-1.0,0.0
20,2019-04-04 00:00:00,65.88,66.77,61.15,63.57,1.0,1.0
21,2019-04-05 00:00:00,63.77,69.08,63.22,69.08,-1.0,1.0
22,2019-04-06 00:00:00,68.93,69.97,66.32,67.82,1.0,0.0
23,2019-04-07 00:00:00,67.87,70.09,67.63,69.34,1.0,1.0
24,2019-04-08 00:00:00,69.35,72.27,67.4,70.47,-1.0,0.0
25,2019-04-09 00:00:00,70.42,70.55,66.82,67.75,1.0,0.0
26,2019-04-10 00:00:00,67.75,72.0,67.49,70.86,-1.0,1.0
27,2019-04-11 00:00:00,70.64,71.17,61.51,65.97,-1.0,0.0
28,2019-04-12 00:00:00,66.1,68.5,64.36,65.73,-1.0,1.0
29,2019-04-13 00:00:00,65.39,67.36,63.07,64.92,1.0,1.0
30,2019-04-14 00:00:00,64.82,67.0,63.81,66.25,-1.0,1.0
31,2019-04-15 00:00:00,66.32,66.82,63.27,63.91,1.0,0.0
32,2019-04-16 00:00:00,63.81,69.66,63.41,68.16,-1.0,1.0
33,2019-04-17 00:00:00,68.16,69.4,66.23,67.01,1.0,0.0
34,2019-04-18 00:00:00,67.02,69.88,67.02,68.74,-1.0,1.0
35,2019-04-19 00:00:00,68.71,69.4,67.03,68.27,1.0,0.0
36,2019-04-20 00:00:00,68.29,69.96,67.12,69.35,-1.0,1.0
37,2019-04-21 00:00:00,69.19,69.99,66.45,68.29,-1.0,0.0
38,2019-04-22 00:00:00,68.18,69.05,67.19,68.17,1.0,1.0
39,2019-04-23 00:00:00,68.22,70.75,67.44,68.29,-1.0,1.0
40,2019-04-24 00:00:00,68.29,70.45,64.36,67.31,-1.0,0.0
41,2019-04-25 00:00:00,67.37,67.48,61.49,61.49,1.0,1.0
42,2019-04-26 00:00:00,61.7,65.42,60.03,62.5,1.0,1.0
43,2019-04-27 00:00:00,62.45,64.58,62.0,63.12,-1.0,0.0
44,2019-04-28 00:00:00,63.0,63.54,61.42,62.07,-1.0,0.0
45,2019-04-29 00:00:00,61.92,62.56,60.11,61.08,1.0,1.0
46,2019-04-30 00:00:00,61.08,62.78,60.69,62.55,1.0,1.0
47,2019-05-01 00:00:00,62.66,65.64,62.66,65.64,-1.0,0.0
48,2019-05-02 00:00:00,65.48,66.5,63.92,65.1,1.0,0.0
49,2019-05-03 00:00:00,65.1,68.58,64.59,67.46,1.0,1.0
50,2019-05-04 00:00:00,67.5,68.97,65.7,68.4,-1.0,0.0
51,2019-05-05 00:00:00,68.5,68.99,65.98,66.52,1.0,0.0
52,2019-05-06 00:00:00,66.71,68.29,64.67,67.5,-1.0,1.0
53,2019-05-07 00:00:00,67.5,71.21,65.83,65.93,1.0,0.0
54,2019-05-08 00:00:00,65.93,68.29,65.12,67.93,-1.0,1.0
55,2019-05-09 00:00:00,68.06,69.19,64.26,65.61,1.0,0.0
56,2019-05-10 00:00:00,65.79,69.33,64.97,68.84,1.0,1.0
57,2019-05-11 00:00:00,68.87,81.72,68.87,77.73,-1.0,0.0
58,2019-05-12 00:00:00,77.5,81.4,71.6,75.66,1.0,0.0
59,2019-05-13 00:00:00,75.45,82.67,74.86,79.53,1.0,1.0
60,2019-05-14 00:00:00,79.51,84.91,72.0,83.46,1.0,0.0
61,2019-05-15 00:00:00,83.46,95.03,82.37,94.0,-1.0,0.0
62,2019-05-16 00:00:00,94.01,97.27,84.51,87.2,-1.0,0.0
63,2019-05-17 00:00:00,87.1,87.79,76.25,82.61,-1.0,1.0
64,2019-05-18 00:00:00,82.61,83.0,78.95,79.75,1.0,1.0
65,2019-05-19 00:00:00,79.55,90.6,79.39,90.09,-1.0,1.0
66,2019-05-20 00:00:00,89.72,90.3,84.0,87.19,1.0,0.0
67,2019-05-21 00:00:00,87.14,92.5,87.06,88.51,-1.0,1.0
68,2019-05-22 00:00:00,88.51,91.27,80.18,83.07,1.0,0.0
69,2019-05-23 00:00:00,83.19,85.34,80.66,84.69,1.0,1.0
70,2019-05-24 00:00:00,84.81,86.93,83.36,85.44,1.0,0.0
71,2019-05-25 00:00:00,85.32,87.31,85.02,86.8,1.0,0.0
72,2019-05-26 00:00:00,86.67,92.39,85.0,91.3,1.0,0.0
73,2019-05-27 00:00:00,91.22,98.84,91.22,97.43,-1.0,0.0
74,2019-05-28 00:00:00,97.31,98.47,95.28,95.93,-1.0,0.0
75,2019-05-29 00:00:00,95.63,95.91,90.0,93.81,-1.0,1.0
76,2019-05-30 00:00:00,93.77,98.99,88.28,91.61,1.0,1.0
77,2019-05-31 00:00:00,91.69,93.66,89.07,93.25,-1.0,1.0
78,2019-06-01 00:00:00,93.25,93.93,91.07,92.96,1.0,0.0
79,2019-06-02 00:00:00,92.82,96.14,92.56,94.77,-1.0,1.0
80,2019-06-03 00:00:00,94.77,96.0,88.83,88.85,-1.0,0.0
81,2019-06-04 00:00:00,88.81,89.0,81.17,83.65,1.0,1.0
82,2019-06-05 00:00:00,83.65,87.0,82.87,84.65,1.0,1.0
83,2019-06-06 00:00:00,84.63,87.14,82.78,86.69,1.0,0.0
84,2019-06-07 00:00:00,86.73,89.52,85.09,88.0,-1.0,0.0
85,2019-06-08 00:00:00,87.64,88.52,85.89,87.32,-1.0,0.0
86,2019-06-09 00:00:00,87.29,87.89,82.07,83.38,1.0,1.0
87,2019-06-10 00:00:00,83.04,87.36,82.29,86.72,-1.0,1.0
88,2019-06-11 00:00:00,86.72,87.5,85.28,86.13,1.0,0.0
89,2019-06-12 00:00:00,86.19,90.14,85.38,90.1,-1.0,1.0
90,2019-06-13 00:00:00,90.1,91.98,89.01,89.26,1.0,0.0
91,2019-06-14 00:00:00,89.35,90.7,87.0,90.29,1.0,1.0
92,2019-06-15 00:00:00,90.52,95.23,89.78,94.72,1.0,0.0
93,2019-06-16 00:00:00,94.85,97.82,93.8,95.99,1.0,0.0
94,2019-06-17 00:00:00,95.99,99.68,95.99,98.71,-1.0,0.0
95,2019-06-18 00:00:00,98.3,98.98,95.03,96.49,1.0,0.0
96,2019-06-19 00:00:00,96.49,102.31,95.81,100.19,1.0,1.0
97,2019-06-20 00:00:00,100.37,109.01,99.73,105.07,1.0,0.0
98,2019-06-21 00:00:00,105.24,110.09,105.24,109.54,1.0,0.0
99,2019-06-22 00:00:00,109.5,119.07,107.57,115.48,1.0,0.0
100,2019-06-23 00:00:00,115.65,121.55,114.21,116.01,1.0,0.0
101,2019-06-24 00:00:00,115.68,119.98,112.64,117.86,-1.0,0.0
102,2019-06-25 00:00:00,117.87,118.39,111.43,112.3,-1.0,0.0
103,2019-06-26 00:00:00,112.33,114.43,99.51,105.0,-1.0,1.0
104,2019-06-27 00:00:00,105.0,106.91,89.31,96.38,1.0,1.0
105,2019-06-28 00:00:00,96.39,103.0,94.28,102.06,-1.0,1.0
106,2019-06-29 00:00:00,102.0,102.09,93.2,99.93,-1.0,0.0
107,2019-06-30 00:00:00,100.27,100.96,87.8,88.71,1.0,1.0
108,2019-07-01 00:00:00,88.74,94.8,84.14,88.96,-1.0,1.0
109,2019-07-02 00:00:00,88.96,89.6,82.43,86.73,1.0,0.0
110,2019-07-03 00:00:00,86.78,92.4,85.59,89.84,-1.0,1.0
111,2019-07-04 00:00:00,89.93,92.9,87.14,87.65,1.0,0.0
112,2019-07-05 00:00:00,87.63,92.65,86.18,89.45,1.0,1.0
113,2019-07-06 00:00:00,89.4,98.98,89.39,94.65,1.0,0.0
114,2019-07-07 00:00:00,94.58,107.07,93.0,106.99,-1.0,0.0
115,2019-07-08 00:00:00,106.78,107.4,99.93,101.15,-1.0,0.0
116,2019-07-09 00:00:00,101.16,104.67,97.42,99.35,-1.0,1.0
117,2019-07-10 00:00:00,99.35,101.82,92.47,95.0,-1.0,1.0
118,2019-07-11 00:00:00,95.0,95.37,87.3,89.75,1.0,1.0
119,2019-07-12 00:00:00,89.76,98.41,86.13,98.08,-1.0,1.0
120,2019-07-13 00:00:00,98.08,98.08,89.03,93.49,-1.0,0.0
121,2019-07-14 00:00:00,93.39,94.74,85.01,86.23,1.0,1.0
122,2019-07-15 00:00:00,85.94,90.52,76.01,88.84,-1.0,1.0
123,2019-07-16 00:00:00,88.84,89.37,73.5,74.22,1.0,0.0
124,2019-07-17 00:00:00,74.25,80.6,71.8,76.59,1.0,1.0
125,2019-07-18 00:00:00,76.8,85.7,74.82,84.06,-1.0,0.0
126,2019-07-19 00:00:00,83.83,84.66,80.18,82.05,1.0,0.0
127,2019-07-20 00:00:00,82.05,87.73,81.37,85.35,-1.0,1.0
128,2019-07-21 00:00:00,84.89,88.14,83.12,84.1,-1.0,0.0
129,2019-07-22 00:00:00,84.23,85.57,81.06,83.48,-1.0,1.0
130,2019-07-23 00:00:00,83.43,84.03,80.16,81.09,-1.0,1.0
131,2019-07-24 00:00:00,81.01,82.18,78.39,80.44,1.0,1.0
132,2019-07-25 00:00:00,80.32,83.67,80.25,81.04,-1.0,1.0
133,2019-07-26 00:00:00,80.95,81.37,78.48,80.2,-1.0,0.0
134,2019-07-27 00:00:00,80.1,83.19,77.43,78.89,1.0,1.0
135,2019-07-28 00:00:00,78.85,83.66,77.18,80.18,-1.0,1.0
136,2019-07-29 00:00:00,80.31,81.69,77.73,78.28,1.0,0.0
137,2019-07-30 00:00:00,78.0,80.83,77.47,78.24,1.0,1.0
138,2019-07-31 00:00:00,78.09,82.67,77.84,80.46,1.0,0.0
139,2019-08-01 00:00:00,80.64,82.71,79.65,82.15,1.0,0.0
140,2019-08-02 00:00:00,82.18,85.21,81.49,83.93,1.0,0.0
141,2019-08-03 00:00:00,84.1,88.14,83.95,88.03,-1.0,0.0
142,2019-08-04 00:00:00,87.9,88.9,85.39,87.76,1.0,0.0
143,2019-08-05 00:00:00,87.66,95.0,87.63,93.55,-1.0,1.0
144,2019-08-06 00:00:00,93.51,96.7,88.0,89.9,1.0,0.0
145,2019-08-07 00:00:00,89.64,98.1,88.99,97.43,-1.0,1.0
146,2019-08-08 00:00:00,97.43,97.92,91.44,95.55,-1.0,0.0
147,2019-08-09 00:00:00,95.55,96.0,91.01,93.4,-1.0,1.0
148,2019-08-10 00:00:00,93.62,95.0,90.07,90.78,1.0,1.0
149,2019-08-11 00:00:00,90.74,93.12,88.7,92.3,-1.0,1.0
150,2019-08-12 00:00:00,92.3,92.49,89.5,91.21,-1.0,0.0
151,2019-08-13 00:00:00,91.14,92.0,84.75,85.78,-1.0,1.0
152,2019-08-14 00:00:00,85.57,85.78,78.1,78.9,1.0,1.0
153,2019-08-15 00:00:00,79.04,82.88,78.11,82.44,-1.0,1.0
154,2019-08-16 00:00:00,82.44,83.5,78.0,82.25,-1.0,0.0
155,2019-08-17 00:00:00,81.69,83.84,80.82,81.52,1.0,1.0
156,2019-08-18 00:00:00,81.9,87.92,81.54,87.75,1.0,1.0
157,2019-08-19 00:00:00,87.75,91.28,84.18,89.32,-1.0,0.0
158,2019-08-20 00:00:00,89.5,91.02,84.28,85.61,-1.0,0.0
159,2019-08-21 00:00:00,85.84,86.51,78.81,80.84,1.0,1.0
160,2019-08-22 00:00:00,81.0,83.36,78.22,82.02,1.0,1.0
161,2019-08-23 00:00:00,82.02,83.5,80.91,82.08,-1.0,0.0
162,2019-08-24 00:00:00,82.08,82.2,78.06,80.52,1.0,0.0
163,2019-08-25 00:00:00,80.46,82.33,79.0,80.6,-1.0,1.0
164,2019-08-26 00:00:00,80.75,83.91,79.04,79.75,-1.0,0.0
165,2019-08-27 00:00:00,79.7,80.08,77.56,78.5,-1.0,1.0
166,2019-08-28 00:00:00,78.5,79.77,71.41,72.1,-1.0,1.0
167,2019-08-29 00:00:00,72.1,72.1,66.71,66.9,1.0,1.0
168,2019-08-30 00:00:00,66.9,68.32,65.7,67.82,-1.0,1.0
169,2019-08-31 00:00:00,67.85,68.34,66.07,67.34,1.0,0.0
170,2019-09-01 00:00:00,67.31,74.61,66.63,71.34,1.0,1.0
171,2019-09-02 00:00:00,71.32,74.06,69.67,73.05,1.0,0.0
172,2019-09-03 00:00:00,73.25,75.75,72.87,74.78,-1.0,0.0
173,2019-09-04 00:00:00,74.78,75.01,71.41,73.79,1.0,0.0
174,2019-09-05 00:00:00,73.98,78.0,73.52,75.97,-1.0,1.0
175,2019-09-06 00:00:00,76.07,79.71,74.83,75.22,1.0,0.0
176,2019-09-07 00:00:00,75.02,78.59,73.78,78.0,-1.0,1.0
177,2019-09-08 00:00:00,77.97,78.98,75.55,77.15,-1.0,0.0
178,2019-09-09 00:00:00,77.03,77.55,70.2,74.94,-1.0,1.0
179,2019-09-10 00:00:00,74.98,76.0,71.5,72.27,1.0,1.0
180,2019-09-11 00:00:00,72.05,74.19,69.43,74.18,1.0,1.0
181,2019-09-12 00:00:00,74.18,75.42,71.52,74.88,1.0,0.0
182,2019-09-13 00:00:00,74.89,76.79,72.68,76.79,-1.0,0.0
183,2019-09-14 00:00:00,76.79,76.82,73.58,76.1,-1.0,0.0
184,2019-09-15 00:00:00,76.08,76.5,73.99,75.45,-1.0,1.0
185,2019-09-16 00:00:00,75.45,76.47,71.23,75.37,-1.0,1.0
186,2019-09-17 00:00:00,75.37,75.47,73.05,73.73,1.0,1.0
187,2019-09-18 00:00:00,73.86,82.18,73.63,80.99,-1.0,1.0
188,2019-09-19 00:00:00,80.89,81.58,72.5,75.77,-1.0,0.0
189,2019-09-20 00:00:00,75.66,77.98,72.53,73.78,-1.0,1.0
190,2019-09-21 00:00:00,73.78,73.91,71.95,72.33,1.0,1.0
191,2019-09-22 00:00:00,72.34,74.2,70.8,73.0,-1.0,1.0
192,2019-09-23 00:00:00,73.0,73.18,68.11,68.49,-1.0,0.0
193,2019-09-24 00:00:00,68.37,70.18,55.28,58.63,1.0,1.0
194,2019-09-25 00:00:00,58.7,61.35,57.3,59.59,-1.0,1.0
195,2019-09-26 00:00:00,59.86,77.9,54.23,57.3,1.0,0.0
196,2019-09-27 00:00:00,57.17,70.0,54.06,57.48,1.0,1.0
197,2019-09-28 00:00:00,57.56,58.28,56.08,57.6,-1.0,0.0
198,2019-09-29 00:00:00,57.66,57.81,54.49,55.82,1.0,0.0
199,2019-09-30 00:00:00,55.89,57.54,53.36,56.83,-1.0,1.0
200,2019-10-01 00:00:00,56.81,58.28,50.0,55.5,1.0,0.0
201,2019-10-02 00:00:00,55.52,56.8,54.3,55.88,1.0,1.0
202,2019-10-03 00:00:00,55.93,57.23,54.07,56.13,1.0,0.0
203,2019-10-04 00:00:00,56.16,57.77,53.84,57.11,-1.0,0.0
204,2019-10-05 00:00:00,57.11,57.62,55.17,56.41,-1.0,0.0
205,2019-10-06 00:00:00,56.4,56.58,54.2,54.71,1.0,1.0
206,2019-10-07 00:00:00,54.68,57.08,54.19,56.11,-1.0,1.0
207,2019-10-08 00:00:00,56.12,56.95,55.0,55.46,1.0,0.0
208,2019-10-09 00:00:00,55.37,57.45,54.88,57.0,-1.0,1.0
209,2019-10-10 00:00:00,57.0,57.45,55.0,55.69,-1.0,0.0
210,2019-10-11 00:00:00,55.69,56.63,53.82,53.93,-1.0,1.0
211,2019-10-12 00:00:00,53.86,54.82,53.35,53.58,-1.0,1.0
212,2019-10-13 00:00:00,53.55,54.05,52.32,53.25,-1.0,1.0
213,2019-10-14 00:00:00,53.26,53.66,52.36,53.06,-1.0,1.0
214,2019-10-15 00:00:00,53.06,53.9,51.65,52.1,1.0,1.0
215,2019-10-16 00:00:00,52.05,55.3,51.64,54.79,1.0,1.0
216,2019-10-17 00:00:00,54.8,60.61,54.51,55.92,-1.0,0.0
217,2019-10-18 00:00:00,55.93,58.37,55.1,55.23,-1.0,0.0
218,2019-10-19 00:00:00,55.22,55.3,53.33,54.42,1.0,1.0
219,2019-10-20 00:00:00,54.35,57.27,53.67,56.4,1.0,1.0
220,2019-10-21 00:00:00,56.34,59.37,55.57,57.51,-1.0,0.0
221,2019-10-22 00:00:00,57.43,58.65,55.83,56.67,-1.0,0.0
222,2019-10-23 00:00:00,56.6,57.28,52.0,53.27,1.0,1.0
223,2019-10-24 00:00:00,53.28,54.49,50.86,53.32,1.0,1.0
224,2019-10-25 00:00:00,53.38,60.0,52.24,59.05,-1.0,0.0
225,2019-10-26 00:00:00,59.11,67.01,55.15,56.77,1.0,0.0
226,2019-10-27 00:00:00,56.69,61.24,55.44,59.67,-1.0,1.0
227,2019-10-28 00:00:00,59.75,61.63,58.55,59.29,1.0,0.0
228,2019-10-29 00:00:00,59.29,63.12,58.92,59.49,-1.0,1.0
229,2019-10-30 00:00:00,59.53,59.54,57.16,58.42,1.0,0.0
230,2019-10-31 00:00:00,58.41,60.05,56.94,59.01,1.0,1.0
231,2019-11-01 00:00:00,59.01,61.2,58.23,60.62,1.0,0.0
232,2019-11-02 00:00:00,60.65,63.08,60.43,62.15,1.0,0.0
233,2019-11-03 00:00:00,62.15,65.0,61.02,63.25,-1.0,0.0
234,2019-11-04 00:00:00,63.32,64.16,62.27,62.98,-1.0,0.0
235,2019-11-05 00:00:00,62.96,63.65,61.68,62.8,1.0,1.0
236,2019-11-06 00:00:00,62.73,64.5,62.37,64.0,-1.0,1.0
237,2019-11-07 00:00:00,64.01,67.49,62.76,63.07,-1.0,0.0
238,2019-11-08 00:00:00,63.04,63.61,59.88,60.77,1.0,1.0
239,2019-11-09 00:00:00,60.72,62.36,60.42,61.83,1.0,1.0
240,2019-11-10 00:00:00,61.91,64.67,61.65,63.78,-1.0,0.0
241,2019-11-11 00:00:00,63.84,63.93,60.86,61.72,1.0,0.0
242,2019-11-12 00:00:00,61.71,66.0,61.46,62.26,1.0,1.0
243,2019-11-13 00:00:00,62.28,65.48,61.79,65.25,-1.0,0.0
244,2019-11-14 00:00:00,65.33,65.55,63.72,65.02,-1.0,0.0
245,2019-11-15 00:00:00,65.02,65.79,61.81,61.9,-1.0,1.0
246,2019-11-16 00:00:00,61.84,62.88,61.05,61.38,1.0,1.0
247,2019-11-17 00:00:00,61.38,63.11,61.34,61.73,-1.0,1.0
248,2019-11-18 00:00:00,61.66,61.94,57.73,58.41,1.0,0.0
249,2019-11-19 00:00:00,58.41,59.73,57.75,58.53,-1.0,1.0
250,2019-11-20 00:00:00,58.49,59.21,57.61,57.9,-1.0,0.0
251,2019-11-21 00:00:00,57.87,58.64,53.06,54.11,-1.0,1.0
252,2019-11-22 00:00:00,54.11,54.92,47.5,50.99,1.0,1.0
253,2019-11-23 00:00:00,50.95,51.99,49.85,51.58,-1.0,1.0
254,2019-11-24 00:00:00,51.56,51.86,47.16,47.44,1.0,0.0
255,2019-11-25 00:00:00,47.44,52.5,45.44,49.87,1.0,1.0
256,2019-11-26 00:00:00,49.87,52.11,49.53,51.18,1.0,0.0
257,2019-11-27 00:00:00,51.15,57.18,49.85,55.79,-1.0,0.0
258,2019-11-28 00:00:00,55.73,58.89,53.57,53.81,1.0,0.0
259,2019-11-29 00:00:00,53.78,56.12,53.7,55.77,-1.0,1.0
260,2019-11-30 00:00:00,55.72,56.05,53.58,54.86,-1.0,0.0
261,2019-12-01 00:00:00,54.77,54.77,52.3,53.38,1.0,1.0
262,2019-12-02 00:00:00,53.48,54.58,52.25,53.88,-1.0,1.0
263,2019-12-03 00:00:00,53.91,55.52,53.23,53.35,-1.0,0.0
264,2019-12-04 00:00:00,53.28,57.3,51.65,52.61,1.0,1.0
265,2019-12-05 00:00:00,52.66,54.2,51.98,53.78,1.0,1.0
266,2019-12-06 00:00:00,53.74,55.5,52.82,54.03,1.0,0.0
267,2019-12-07 00:00:00,54.11,55.01,53.33,54.38,-1.0,0.0
268,2019-12-08 00:00:00,54.25,54.82,53.47,53.68,1.0,0.0
269,2019-12-09 00:00:00,53.7,54.57,53.01,54.41,-1.0,1.0
270,2019-12-10 00:00:00,54.43,54.72,52.12,52.7,1.0,0.0
271,2019-12-11 00:00:00,52.68,53.48,52.48,52.95,-1.0,1.0
272,2019-12-12 00:00:00,53.0,53.97,51.01,52.93,-1.0,0.0
273,2019-12-13 00:00:00,52.98,53.34,52.21,52.49,-1.0,1.0
274,2019-12-14 00:00:00,52.44,52.72,50.9,51.31,-1.0,1.0
275,2019-12-15 00:00:00,51.23,52.09,50.64,50.8,-1.0,1.0
276,2019-12-16 00:00:00,50.81,51.1,48.28,49.11,-1.0,1.0
277,2019-12-17 00:00:00,49.15,49.4,44.51,45.04,1.0,1.0
278,2019-12-18 00:00:00,45.08,49.19,43.75,47.76,-1.0,1.0
279,2019-12-19 00:00:00,47.94,49.85,46.05,47.45,-1.0,0.0
280,2019-12-20 00:00:00,47.4,47.54,46.48,46.64,-1.0,1.0
281,2019-12-21 00:00:00,46.69,46.71,44.91,44.97,1.0,1.0
282,2019-12-22 00:00:00,44.99,47.97,44.96,47.34,-1.0,1.0
283,2019-12-23 00:00:00,47.39,48.61,46.89,47.18,-1.0,0.0
284,2019-12-24 00:00:00,47.18,47.94,45.55,45.82,1.0,1.0
285,2019-12-25 00:00:00,45.81,46.78,45.1,45.99,-1.0,1.0
286,2019-12-26 00:00:00,45.99,46.55,44.85,45.31,-1.0,0.0
287,2019-12-27 00:00:00,45.34,46.1,44.53,45.11,1.0,1.0
288,2019-12-28 00:00:00,45.11,45.85,44.92,45.43,1.0,1.0
289,2019-12-29 00:00:00,45.44,47.13,45.23,46.5,-1.0,0.0
290,2019-12-30 00:00:00,46.53,46.72,45.62,46.17,-1.0,0.0
291,2019-12-31 00:00:00,46.21,46.26,44.57,44.69,1.0,1.0
292,2020-01-01 00:00:00,44.67,45.89,44.54,45.82,-1.0,1.0
293,2020-01-02 00:00:00,45.82,46.14,44.31,45.5,1.0,0.0
294,2020-01-03 00:00:00,45.54,51.77,45.45,50.93,-1.0,1.0
295,2020-01-04 00:00:00,50.96,51.37,49.74,50.37,1.0,0.0
296,2020-01-05 00:00:00,50.35,54.26,50.34,53.69,1.0,1.0
297,2020-01-06 00:00:00,53.68,59.27,53.67,58.91,-1.0,0.0
298,2020-01-07 00:00:00,58.89,60.17,55.4,58.36,1.0,0.0
299,2020-01-08 00:00:00,58.36,60.33,55.23,59.44,-1.0,1.0
300,2020-01-09 00:00:00,59.46,59.53,56.76,58.68,-1.0,0.0
301,2020-01-10 00:00:00,58.68,59.65,56.77,58.42,-1.0,1.0
302,2020-01-11 00:00:00,58.43,64.25,57.9,58.25,1.0,1.0
303,2020-01-12 00:00:00,58.17,59.99,57.26,59.19,-1.0,1.0
304,2020-01-13 00:00:00,59.21,59.22,56.66,57.72,1.0,0.0
305,2020-01-14 00:00:00,57.79,63.05,57.69,62.55,1.0,1.0
306,2020-01-15 00:00:00,62.47,69.36,61.81,68.47,-1.0,0.0
307,2020-01-16 00:00:00,68.48,69.0,62.58,65.63,1.0,0.0
308,2020-01-17 00:00:00,65.65,72.0,64.05,68.95,-1.0,1.0
309,2020-01-18 00:00:00,68.92,70.94,66.15,67.0,-1.0,0.0
310,2020-01-19 00:00:00,67.0,69.47,62.74,65.17,-1.0,1.0
311,2020-01-20 00:00:00,65.23,66.53,62.17,64.96,1.0,1.0
312,2020-01-21 00:00:00,64.98,66.88,64.07,65.87,-1.0,1.0
313,2020-01-22 00:00:00,65.97,66.55,64.35,65.0,-1.0,0.0
314,2020-01-23 00:00:00,65.09,65.09,61.15,62.55,-1.0,1.0
315,2020-01-24 00:00:00,62.57,62.99,58.0,61.67,-1.0,1.0
316,2020-01-25 00:00:00,61.65,62.57,59.87,61.35,1.0,1.0
317,2020-01-26 00:00:00,61.25,64.82,60.79,63.97,1.0,1.0
318,2020-01-27 00:00:00,64.02,66.32,63.41,65.44,1.0,0.0
319,2020-01-28 00:00:00,65.48,67.9,65.13,67.71,1.0,0.0
320,2020-01-29 00:00:00,67.87,70.84,67.34,70.02,1.0,0.0
321,2020-01-30 00:00:00,69.93,75.02,68.44,74.83,-1.0,0.0
322,2020-01-31 00:00:00,74.9,76.02,69.37,72.16,1.0,0.0
323,2020-02-01 00:00:00,72.16,73.9,71.2,73.22,1.0,1.0
324,2020-02-02 00:00:00,73.25,77.86,70.99,74.89,1.0,0.0
325,2020-02-03 00:00:00,74.86,78.23,74.28,76.74,-1.0,0.0
326,2020-02-04 00:00:00,76.77,77.39,73.7,75.17,1.0,0.0
327,2020-02-05 00:00:00,75.22,79.19,74.58,77.84,1.0,1.0
328,2020-02-06 00:00:00,77.83,80.11,76.38,78.3,1.0,0.0
329,2020-02-07 00:00:00,78.26,80.96,78.21,79.48,1.0,0.0
330,2020-02-08 00:00:00,79.47,81.59,76.85,80.64,1.0,0.0
331,2020-02-09 00:00:00,80.64,87.82,80.44,87.59,-1.0,0.0
332,2020-02-10 00:00:00,87.63,87.9,83.22,84.53,1.0,0.0
333,2020-02-11 00:00:00,84.53,89.52,82.65,89.36,1.0,1.0
334,2020-02-12 00:00:00,89.45,94.67,89.1,94.29,-1.0,0.0
335,2020-02-13 00:00:00,94.37,95.2,89.44,92.25,1.0,0.0
336,2020-02-14 00:00:00,92.25,95.2,90.75,95.16,-1.0,1.0
337,2020-02-15 00:00:00,95.12,96.86,86.42,89.1,-1.0,0.0
338,2020-02-16 00:00:00,89.17,92.15,79.51,87.8,-1.0,1.0
339,2020-02-17 00:00:00,87.77,89.03,79.19,82.59,1.0,1.0
340,2020-02-18 00:00:00,82.65,87.26,81.12,86.34,-1.0,1.0
341,2020-02-19 00:00:00,86.34,86.81,76.04,77.69,-1.0,0.0
342,2020-02-20 00:00:00,77.71,79.13,74.97,76.39,1.0,1.0
343,2020-02-21 00:00:00,76.53,82.13,75.65,80.29,-1.0,1.0
344,2020-02-22 00:00:00,80.27,82.82,78.0,78.9,1.0,0.0
345,2020-02-23 00:00:00,78.89,85.59,78.82,85.05,-1.0,1.0
346,2020-02-24 00:00:00,85.13,86.3,76.89,79.2,-1.0,0.0
347,2020-02-25 00:00:00,79.19,82.07,75.34,76.49,-1.0,1.0
348,2020-02-26 00:00:00,76.48,77.94,68.38,70.61,-1.0,1.0
349,2020-02-27 00:00:00,70.62,72.66,66.71,70.26,-1.0,1.0
350,2020-02-28 00:00:00,70.26,71.55,66.05,68.41,-1.0,1.0
351,2020-02-29 00:00:00,68.41,69.17,65.91,65.92,-1.0,1.0
352,2020-03-01 00:00:00,65.9,67.75,63.26,64.53,1.0,1.0
353,2020-03-02 00:00:00,64.39,69.25,64.25,68.78,-1.0,1.0
354,2020-03-03 00:00:00,68.87,69.0,65.0,65.89,-1.0,0.0
355,2020-03-04 00:00:00,65.9,67.99,64.71,65.68,1.0,1.0
356,2020-03-05 00:00:00,65.72,70.05,65.72,68.46,1.0,1.0
357,2020-03-06 00:00:00,68.46,69.78,67.56,69.13,-1.0,0.0
358,2020-03-07 00:00:00,69.12,69.58,65.15,65.71,-1.0,0.0
359,2020-03-08 00:00:00,65.71,65.71,55.78,56.44,-1.0,1.0
360,2020-03-09 00:00:00,56.38,57.71,52.23,55.77,-1.0,1.0
361,2020-03-10 00:00:00,55.81,57.05,53.59,54.82,-1.0,1.0
362,2020-03-11 00:00:00,54.87,56.04,50.97,54.2,-1.0,1.0
363,2020-03-12 00:00:00,54.28,54.38,30.34,31.81,1.0,1.0
364,2020-03-13 00:00:00,31.83,40.45,25.08,36.92,-1.0,1.0
365,2020-03-14 00:00:00,36.94,40.15,35.35,36.21,1.0,0.0
366,2020-03-15 00:00:00,36.18,41.25,35.68,38.01,-1.0,1.0
367,2020-03-16 00:00:00,38.01,38.77,29.2,34.0,1.0,0.0
368,2020-03-17 00:00:00,34.05,37.47,33.49,36.26,1.0,1.0
369,2020-03-18 00:00:00,36.27,37.57,33.95,37.12,1.0,0.0
370,2020-03-19 00:00:00,37.12,42.88,36.05,40.87,-1.0,0.0
371,2020-03-20 00:00:00,40.82,45.44,36.48,40.33,1.0,0.0
372,2020-03-21 00:00:00,40.35,45.46,38.41,41.23,-1.0,1.0
373,2020-03-22 00:00:00,41.21,42.61,37.77,38.21,1.0,0.0
374,2020-03-23 00:00:00,38.19,46.75,37.59,44.45,1.0,1.0
375,2020-03-24 00:00:00,44.45,48.08,43.22,47.26,1.0,0.0
376,2020-03-25 00:00:00,47.13,48.14,45.06,47.15,1.0,0.0
377,2020-03-26 00:00:00,47.18,51.03,47.18,50.28,-1.0,0.0
378,2020-03-27 00:00:00,50.28,51.44,47.37,47.7,-1.0,0.0
379,2020-03-28 00:00:00,47.69,48.48,44.89,47.11,-1.0,1.0
380,2020-03-29 00:00:00,47.13,47.31,43.96,44.04,1.0,1.0
381,2020-03-30 00:00:00,44.04,47.66,43.85,46.41,1.0,1.0
382,2020-03-31 00:00:00,46.48,48.55,46.36,47.6,1.0,0.0
383,2020-04-01 00:00:00,47.59,48.89,46.43,48.47,1.0,0.0
384,2020-04-02 00:00:00,48.47,53.0,47.92,50.75,1.0,0.0
385,2020-04-03 00:00:00,50.68,54.35,50.23,52.96,1.0,0.0
386,2020-04-04 00:00:00,52.98,55.3,52.12,54.11,-1.0,0.0
387,2020-04-05 00:00:00,54.14,54.32,52.6,53.15,1.0,0.0
388,2020-04-06 00:00:00,53.15,59.23,53.14,58.93,-1.0,1.0
389,2020-04-07 00:00:00,58.89,60.58,54.76,55.94,1.0,0.0
390,2020-04-08 00:00:00,55.97,58.28,55.55,57.88,1.0,1.0
391,2020-04-09 00:00:00,57.85,58.93,56.09,58.4,-1.0,0.0
392,2020-04-10 00:00:00,58.37,58.48,52.43,53.7,1.0,0.0
393,2020-04-11 00:00:00,53.7,54.82,52.49,53.86,-1.0,1.0
394,2020-04-12 00:00:00,53.84,55.64,52.81,53.68,-1.0,0.0
395,2020-04-13 00:00:00,53.67,53.68,51.01,52.98,1.0,1.0
396,2020-04-14 00:00:00,53.04,55.22,52.65,54.09,-1.0,1.0
397,2020-04-15 00:00:00,54.08,55.12,53.11,53.12,1.0,0.0
398,2020-04-16 00:00:00,53.11,57.65,51.56,56.9,-1.0,1.0
399,2020-04-17 00:00:00,56.98,57.28,56.0,56.21,1.0,0.0
400,2020-04-18 00:00:00,56.2,58.8,55.96,58.04,-1.0,1.0
401,2020-04-19 00:00:00,57.98,58.49,56.38,57.05,-1.0,0.0
402,2020-04-20 00:00:00,57.02,58.38,53.96,54.69,1.0,1.0
403,2020-04-21 00:00:00,54.64,55.9,54.0,55.14,1.0,1.0
404,2020-04-22 00:00:00,55.14,57.35,54.73,56.95,1.0,0.0
405,2020-04-23 00:00:00,56.98,61.06,56.14,59.27,1.0,0.0
406,2020-04-24 00:00:00,59.27,62.45,59.18,60.68,-1.0,0.0
407,2020-04-25 00:00:00,60.72,62.39,60.04,60.55,1.0,0.0
408,2020-04-26 00:00:00,60.55,62.0,59.84,61.33,1.0,1.0
409,2020-04-27 00:00:00,61.36,62.48,60.91,62.36,-1.0,0.0
410,2020-04-28 00:00:00,62.4,63.83,61.22,62.07,1.0,0.0
411,2020-04-29 00:00:00,62.05,66.89,61.63,66.32,-1.0,1.0
412,2020-04-30 00:00:00,66.31,68.42,61.11,62.28,1.0,0.0
413,2020-05-01 00:00:00,62.26,65.0,62.2,63.45,1.0,1.0
414,2020-05-02 00:00:00,63.45,64.97,63.29,64.54,-1.0,0.0
415,2020-05-03 00:00:00,64.55,65.12,61.73,62.37,-1.0,0.0
416,2020-05-04 00:00:00,62.42,62.61,58.53,61.06,-1.0,1.0
417,2020-05-05 00:00:00,61.09,62.02,59.7,60.31,-1.0,1.0
418,2020-05-06 00:00:00,60.33,62.06,57.36,57.85,1.0,1.0
419,2020-05-07 00:00:00,57.8,64.98,57.2,64.6,-1.0,1.0
420,2020-05-08 00:00:00,64.59,65.93,63.06,63.39,-1.0,0.0
421,2020-05-09 00:00:00,63.43,64.92,62.62,63.05,-1.0,1.0
422,2020-05-10 00:00:00,62.97,63.15,53.25,58.85,1.0,1.0
423,2020-05-11 00:00:00,58.77,61.98,55.7,59.36,1.0,1.0
424,2020-05-12 00:00:00,59.41,62.37,59.16,61.5,1.0,0.0
425,2020-05-13 00:00:00,61.54,66.23,61.41,65.0,1.0,0.0
426,2020-05-14 00:00:00,65.03,65.77,62.66,65.28,-1.0,0.0
427,2020-05-15 00:00:00,65.24,65.72,62.34,62.77,1.0,0.0
428,2020-05-16 00:00:00,62.73,65.88,62.03,65.42,-1.0,1.0
429,2020-05-17 00:00:00,65.43,67.15,64.73,65.22,1.0,0.0
430,2020-05-18 00:00:00,65.21,67.78,65.01,66.96,-1.0,1.0
431,2020-05-19 00:00:00,67.02,67.61,64.89,66.7,-1.0,0.0
432,2020-05-20 00:00:00,66.71,67.09,63.01,64.66,-1.0,1.0
433,2020-05-21 00:00:00,64.69,65.14,59.96,61.65,1.0,1.0
434,2020-05-22 00:00:00,61.65,63.54,61.0,62.89,1.0,1.0
435,2020-05-23 00:00:00,62.89,65.0,62.57,63.46,-1.0,0.0
436,2020-05-24 00:00:00,63.46,63.71,60.58,60.64,1.0,0.0
437,2020-05-25 00:00:00,60.65,62.4,60.02,61.54,1.0,1.0
438,2020-05-26 00:00:00,61.58,62.36,60.79,61.91,1.0,0.0
439,2020-05-27 00:00:00,61.91,65.57,61.34,64.47,1.0,0.0
440,2020-05-28 00:00:00,64.5,67.56,63.16,67.15,-1.0,0.0
441,2020-05-29 00:00:00,67.13,67.89,65.88,66.05,1.0,0.0
442,2020-05-30 00:00:00,66.07,68.8,65.33,68.36,-1.0,1.0
443,2020-05-31 00:00:00,68.36,68.7,63.75,64.94,1.0,0.0
444,2020-06-01 00:00:00,64.92,68.47,63.3,67.72,-1.0,1.0
445,2020-06-02 00:00:00,67.72,70.31,63.61,66.66,1.0,0.0
446,2020-06-03 00:00:00,66.59,68.21,66.03,67.16,1.0,1.0
447,2020-06-04 00:00:00,67.17,68.75,65.58,68.14,-1.0,0.0
448,2020-06-05 00:00:00,68.13,69.21,67.17,67.45,1.0,0.0
449,2020-06-06 00:00:00,67.43,68.12,66.96,67.7,-1.0,1.0
450,2020-06-07 00:00:00,67.65,68.14,64.64,66.39,1.0,0.0
451,2020-06-08 00:00:00,66.4,68.34,66.22,68.28,-1.0,1.0
452,2020-06-09 00:00:00,68.28,68.79,67.08,67.99,1.0,0.0
453,2020-06-10 00:00:00,68.06,69.71,67.42,69.67,-1.0,1.0
454,2020-06-11 00:00:00,69.69,70.07,63.0,63.71,1.0,0.0
455,2020-06-12 00:00:00,63.72,66.58,62.91,65.69,1.0,1.0
456,2020-06-13 00:00:00,65.7,66.58,65.03,66.58,-1.0,0.0
457,2020-06-14 00:00:00,66.54,66.6,64.5,65.39,-1.0,0.0
458,2020-06-15 00:00:00,65.4,65.66,61.87,64.53,1.0,1.0
459,2020-06-16 00:00:00,64.52,66.0,64.27,66.0,-1.0,1.0
460,2020-06-17 00:00:00,66.01,66.96,64.63,65.09,-1.0,0.0
461,2020-06-18 00:00:00,65.1,65.93,58.06,64.93,-1.0,1.0
462,2020-06-19 00:00:00,64.86,65.34,63.44,64.09,-1.0,1.0
463,2020-06-20 00:00:00,64.13,64.64,63.38,64.06,1.0,1.0
464,2020-06-21 00:00:00,64.09,65.06,63.84,64.48,1.0,1.0
465,2020-06-22 00:00:00,64.48,66.93,64.46,66.16,1.0,0.0
466,2020-06-23 00:00:00,66.16,67.33,65.36,66.87,-1.0,0.0
467,2020-06-24 00:00:00,66.87,67.41,63.98,64.83,-1.0,0.0
468,2020-06-25 00:00:00,64.88,65.12,63.08,64.3,-1.0,1.0
469,2020-06-26 00:00:00,64.28,64.62,63.0,64.0,-1.0,1.0
470,2020-06-27 00:00:00,64.02,64.34,60.26,62.08,1.0,1.0
471,2020-06-28 00:00:00,62.14,63.62,61.76,63.29,1.0,1.0
472,2020-06-29 00:00:00,63.31,64.87,62.47,64.19,-1.0,0.0
473,2020-06-30 00:00:00,64.18,64.6,63.27,63.48,1.0,0.0
474,2020-07-01 00:00:00,63.5,64.86,63.22,64.52,1.0,1.0
475,2020-07-02 00:00:00,64.51,66.72,62.38,65.2,-1.0,0.0
476,2020-07-03 00:00:00,65.2,67.5,62.41,62.66,1.0,0.0
477,2020-07-04 00:00:00,62.62,64.85,62.46,64.22,-1.0,1.0
478,2020-07-05 00:00:00,64.23,64.64,61.34,63.33,1.0,0.0
479,2020-07-06 00:00:00,63.23,65.04,62.8,64.95,-1.0,1.0
480,2020-07-07 00:00:00,64.91,65.14,63.71,64.59,1.0,0.0
481,2020-07-08 00:00:00,64.64,67.37,64.09,66.27,1.0,1.0
482,2020-07-09 00:00:00,66.23,69.32,65.0,67.28,-1.0,0.0
483,2020-07-10 00:00:00,67.28,68.32,65.11,67.25,1.0,0.0
484,2020-07-11 00:00:00,67.29,69.82,67.12,68.74,1.0,1.0
485,2020-07-12 00:00:00,68.74,70.35,68.0,69.22,1.0,0.0
486,2020-07-13 00:00:00,69.26,70.08,67.6,69.26,-1.0,0.0
487,2020-07-14 00:00:00,69.18,69.18,66.75,67.81,1.0,0.0
488,2020-07-15 00:00:00,67.84,72.57,67.38,70.63,-1.0,1.0
489,2020-07-16 00:00:00,70.56,71.55,66.56,67.7,-1.0,0.0
490,2020-07-17 00:00:00,67.69,68.36,67.0,67.64,1.0,1.0
491,2020-07-18 00:00:00,67.62,69.24,66.96,68.39,1.0,1.0
492,2020-07-19 00:00:00,68.38,69.07,67.64,68.91,1.0,0.0
493,2020-07-20 00:00:00,68.91,70.32,68.68,69.31,1.0,0.0
494,2020-07-21 00:00:00,69.32,71.67,69.08,69.63,1.0,0.0
495,2020-07-22 00:00:00,69.68,71.5,69.28,71.48,1.0,0.0
496,2020-07-23 00:00:00,71.45,74.08,70.72,73.02,-1.0,0.0
497,2020-07-24 00:00:00,72.99,73.03,71.32,71.54,1.0,0.0
498,2020-07-25 00:00:00,71.6,73.96,71.48,73.61,1.0,1.0
499,2020-07-26 00:00:00,73.62,78.21,73.0,78.16,1.0,0.0
500,2020-07-27 00:00:00,78.15,79.5,75.03,78.43,1.0,0.0
501,2020-07-28 00:00:00,78.44,83.33,78.36,81.2,-1.0,0.0
502,2020-07-29 00:00:00,81.2,82.78,78.95,79.11,1.0,0.0
503,2020-07-30 00:00:00,79.12,82.54,78.44,80.92,1.0,1.0
504,2020-07-31 00:00:00,80.92,84.64,80.27,84.55,1.0,0.0
505,2020-08-01 00:00:00,84.49,90.1,83.39,89.64,-1.0,0.0
506,2020-08-02 00:00:00,89.59,91.04,77.77,85.0,1.0,0.0
507,2020-08-03 00:00:00,84.97,89.68,83.95,89.06,-1.0,1.0
508,2020-08-04 00:00:00,89.06,89.96,85.3,87.24,1.0,0.0
509,2020-08-05 00:00:00,87.3,90.62,86.13,90.39,1.0,1.0
510,2020-08-06 00:00:00,90.39,96.52,88.32,95.49,-1.0,0.0
511,2020-08-07 00:00:00,95.45,95.65,90.6,94.01,1.0,0.0
512,2020-08-08 00:00:00,94.01,95.23,91.71,94.87,-1.0,1.0
513,2020-08-09 00:00:00,94.84,94.99,92.16,92.9,1.0,0.0
514,2020-08-10 00:00:00,92.91,94.5,88.04,93.76,-1.0,1.0
515,2020-08-11 00:00:00,93.76,94.88,84.16,87.25,1.0,0.0
516,2020-08-12 00:00:00,87.33,89.86,84.07,89.54,1.0,1.0
517,2020-08-13 00:00:00,89.45,92.26,85.53,92.03,-1.0,0.0
518,2020-08-14 00:00:00,92.02,93.63,89.82,91.42,-1.0,0.0
519,2020-08-15 00:00:00,91.43,92.04,88.97,89.76,1.0,1.0
520,2020-08-16 00:00:00,89.81,91.42,87.98,91.2,1.0,1.0
521,2020-08-17 00:00:00,91.22,95.04,89.4,93.49,-1.0,0.0
522,2020-08-18 00:00:00,93.45,97.26,91.44,93.43,-1.0,0.0
523,2020-08-19 00:00:00,93.42,94.49,88.84,91.31,1.0,1.0
524,2020-08-20 00:00:00,91.27,101.73,91.23,101.56,-1.0,1.0
525,2020-08-21 00:00:00,101.61,106.0,92.1,92.21,1.0,0.0
526,2020-08-22 00:00:00,92.23,95.03,88.67,94.5,-1.0,1.0
527,2020-08-23 00:00:00,94.58,94.93,90.5,91.26,1.0,0.0
528,2020-08-24 00:00:00,91.25,94.34,90.25,93.64,-1.0,1.0
529,2020-08-25 00:00:00,93.61,94.0,85.78,88.63,1.0,0.0
530,2020-08-26 00:00:00,88.53,89.81,87.17,88.93,1.0,1.0
531,2020-08-27 00:00:00,88.91,90.69,85.57,89.66,1.0,0.0
532,2020-08-28 00:00:00,89.71,95.58,88.66,94.43,-1.0,0.0
533,2020-08-29 00:00:00,94.44,95.84,92.33,92.65,1.0,0.0
534,2020-08-30 00:00:00,92.65,96.36,92.65,96.25,-1.0,1.0
535,2020-08-31 00:00:00,96.24,96.74,93.05,93.1,1.0,0.0
536,2020-09-01 00:00:00,93.14,97.74,91.5,96.99,-1.0,1.0
537,2020-09-02 00:00:00,96.96,97.36,88.0,91.07,-1.0,0.0
538,2020-09-03 00:00:00,91.1,91.59,75.51,77.1,1.0,1.0
539,2020-09-04 00:00:00,77.11,83.5,76.04,82.08,-1.0,1.0
540,2020-09-05 00:00:00,82.08,83.6,73.93,77.71,1.0,0.0
541,2020-09-06 00:00:00,77.71,81.24,75.11,80.15,1.0,1.0
542,2020-09-07 00:00:00,80.14,82.99,76.51,82.56,1.0,0.0
543,2020-09-08 00:00:00,82.56,84.89,78.62,84.19,1.0,0.0
544,2020-09-09 00:00:00,84.11,85.87,82.2,84.26,1.0,0.0
545,2020-09-10 00:00:00,84.27,86.44,83.9,85.61,-1.0,0.0
546,2020-09-11 00:00:00,85.61,85.92,83.0,83.95,1.0,0.0
547,2020-09-12 00:00:00,84.02,87.15,82.97,86.7,-1.0,1.0
548,2020-09-13 00:00:00,86.72,90.1,85.04,86.18,1.0,0.0
549,2020-09-14 00:00:00,86.17,95.2,84.31,91.68,-1.0,1.0
550,2020-09-15 00:00:00,91.68,93.17,88.01,91.16,-1.0,0.0
551,2020-09-16 00:00:00,91.18,92.76,87.11,88.27,1.0,1.0
552,2020-09-17 00:00:00,88.21,94.04,87.38,92.82,-1.0,1.0
553,2020-09-18 00:00:00,92.83,95.14,91.24,92.47,1.0,0.0
554,2020-09-19 00:00:00,92.49,95.39,91.39,94.61,-1.0,1.0
555,2020-09-20 00:00:00,94.55,94.86,90.47,92.63,-1.0,0.0
556,2020-09-21 00:00:00,92.65,94.51,85.58,89.13,1.0,1.0
557,2020-09-22 00:00:00,89.08,97.0,87.13,92.56,-1.0,1.0
558,2020-09-23 00:00:00,92.56,94.17,86.35,87.17,1.0,0.0
559,2020-09-24 00:00:00,87.2,92.15,86.56,91.84,1.0,1.0
560,2020-09-25 00:00:00,91.81,94.22,90.23,92.93,1.0,0.0
561,2020-09-26 00:00:00,92.97,95.47,92.24,94.63,1.0,0.0
562,2020-09-27 00:00:00,94.55,100.0,93.51,97.09,-1.0,0.0
563,2020-09-28 00:00:00,97.14,98.77,94.43,95.12,1.0,0.0
564,2020-09-29 00:00:00,95.11,101.25,94.25,100.51,1.0,1.0
565,2020-09-30 00:00:00,100.47,110.47,97.68,108.6,-1.0,0.0
566,2020-10-01 00:00:00,108.6,113.36,101.43,103.74,-1.0,0.0
567,2020-10-02 00:00:00,103.86,105.43,93.52,101.61,1.0,1.0
568,2020-10-03 00:00:00,101.66,103.99,100.62,103.58,1.0,1.0
569,2020-10-04 00:00:00,103.56,109.45,101.23,105.46,1.0,0.0
570,2020-10-05 00:00:00,105.46,114.52,104.11,112.73,-1.0,0.0
571,2020-10-06 00:00:00,112.78,113.89,105.31,106.43,1.0,0.0
572,2020-10-07 00:00:00,106.44,112.89,102.15,110.29,1.0,1.0
573,2020-10-08 00:00:00,110.27,112.93,107.49,111.36,1.0,0.0
574,2020-10-09 00:00:00,111.3,118.14,108.35,115.92,-1.0,0.0
575,2020-10-10 00:00:00,115.91,118.79,115.06,115.88,1.0,0.0
576,2020-10-11 00:00:00,115.81,129.3,115.39,125.81,1.0,1.0
577,2020-10-12 00:00:00,125.81,147.41,125.04,129.0,-1.0,0.0
578,2020-10-13 00:00:00,129.0,131.91,123.48,127.97,1.0,0.0
579,2020-10-14 00:00:00,127.9,133.8,125.0,128.41,1.0,1.0
580,2020-10-15 00:00:00,128.44,132.45,123.55,130.22,-1.0,0.0
581,2020-10-16 00:00:00,130.22,135.01,119.01,120.62,-1.0,0.0
582,2020-10-17 00:00:00,120.62,122.84,118.92,120.1,1.0,1.0
583,2020-10-18 00:00:00,120.09,124.51,119.91,124.44,1.0,1.0
584,2020-10-19 00:00:00,124.37,130.32,122.48,125.77,-1.0,0.0
585,2020-10-20 00:00:00,125.74,127.24,117.15,118.25,1.0,0.0
586,2020-10-21 00:00:00,118.25,126.35,116.55,121.24,1.0,1.0
587,2020-10-22 00:00:00,121.23,129.68,119.2,127.6,-1.0,0.0
588,2020-10-23 00:00:00,127.62,127.66,122.41,127.47,1.0,0.0
589,2020-10-24 00:00:00,127.47,130.0,125.26,129.31,1.0,1.0
590,2020-10-25 00:00:00,129.3,134.24,127.83,131.08,1.0,0.0
591,2020-10-26 00:00:00,131.14,139.38,129.0,131.42,1.0,0.0
592,2020-10-27 00:00:00,131.35,138.03,131.18,133.83,-1.0,0.0
593,2020-10-28 00:00:00,133.91,135.46,123.43,126.32,-1.0,0.0
594,2020-10-29 00:00:00,126.32,128.65,121.69,124.38,-1.0,1.0
595,2020-10-30 00:00:00,124.38,125.33,117.95,122.98,1.0,1.0
596,2020-10-31 00:00:00,122.96,128.3,121.29,126.52,1.0,1.0
597,2020-11-01 00:00:00,126.53,127.27,123.61,127.08,-1.0,0.0
598,2020-11-02 00:00:00,127.08,128.3,115.57,118.82,1.0,0.0
599,2020-11-03 00:00:00,118.82,121.47,116.0,121.13,-1.0,1.0
600,2020-11-04 00:00:00,121.18,121.82,113.6,115.67,1.0,0.0
601,2020-11-05 00:00:00,115.77,125.0,110.5,119.56,-1.0,1.0
602,2020-11-06 00:00:00,119.51,124.26,116.29,119.37,-1.0,0.0
603,2020-11-07 00:00:00,119.34,126.04,109.62,110.96,1.0,1.0
604,2020-11-08 00:00:00,111.03,120.98,109.61,120.33,-1.0,1.0
605,2020-11-09 00:00:00,120.26,122.1,114.04,115.89,-1.0,0.0
606,2020-11-10 00:00:00,115.89,117.94,114.05,115.54,-1.0,1.0
607,2020-11-11 00:00:00,115.55,118.0,113.12,113.13,-1.0,1.0
608,2020-11-12 00:00:00,113.12,115.06,110.09,112.16,1.0,1.0
609,2020-11-13 00:00:00,112.16,115.0,111.52,114.09,1.0,1.0
610,2020-11-14 00:00:00,114.1,117.63,113.15,116.89,-1.0,0.0
611,2020-11-15 00:00:00,116.92,117.98,112.86,114.6,1.0,0.0
612,2020-11-16 00:00:00,114.62,119.97,113.49,118.52,1.0,1.0
613,2020-11-17 00:00:00,118.45,125.71,117.79,125.55,-1.0,0.0
614,2020-11-18 00:00:00,125.48,126.5,118.83,123.51,-1.0,0.0
615,2020-11-19 00:00:00,123.55,123.8,116.94,118.49,1.0,1.0
616,2020-11-20 00:00:00,118.44,123.02,117.95,121.04,1.0,1.0
617,2020-11-21 00:00:00,121.01,129.53,119.51,128.46,-1.0,0.0
618,2020-11-22 00:00:00,128.49,129.72,119.17,123.65,1.0,0.0
619,2020-11-23 00:00:00,123.67,131.0,122.4,129.88,1.0,1.0
620,2020-11-24 00:00:00,129.86,142.85,126.32,135.15,-1.0,0.0
621,2020-11-25 00:00:00,135.07,138.72,125.16,128.8,-1.0,0.0
622,2020-11-26 00:00:00,128.85,132.37,108.07,119.98,-1.0,1.0
623,2020-11-27 00:00:00,119.97,122.17,111.53,117.32,1.0,1.0
624,2020-11-28 00:00:00,117.33,124.99,114.32,122.03,1.0,1.0
625,2020-11-29 00:00:00,122.03,125.94,119.19,123.94,1.0,0.0
626,2020-11-30 00:00:00,123.97,130.77,121.5,130.65,-1.0,0.0
627,2020-12-01 00:00:00,130.65,132.72,120.5,125.79,1.0,0.0
628,2020-12-02 00:00:00,125.79,129.27,123.7,127.92,1.0,1.0
629,2020-12-03 00:00:00,127.82,133.72,126.41,133.54,-1.0,0.0
630,2020-12-04 00:00:00,133.39,135.65,126.35,126.57,1.0,0.0
631,2020-12-05 00:00:00,126.57,133.91,124.26,133.49,1.0,1.0
632,2020-12-06 00:00:00,133.47,134.71,128.2,134.33,1.0,0.0
633,2020-12-07 00:00:00,134.37,144.11,133.93,138.61,-1.0,0.0
634,2020-12-08 00:00:00,138.61,143.26,132.68,135.87,-1.0,0.0
635,2020-12-09 00:00:00,135.8,136.01,127.0,132.46,1.0,1.0
636,2020-12-10 00:00:00,132.45,135.06,129.3,133.6,1.0,1.0
637,2020-12-11 00:00:00,133.7,142.25,130.0,141.43,1.0,0.0
638,2020-12-12 00:00:00,141.43,150.0,141.02,146.82,1.0,0.0
639,2020-12-13 00:00:00,146.75,152.4,143.81,152.12,1.0,0.0
640,2020-12-14 00:00:00,152.01,157.65,150.49,152.52,-1.0,0.0
641,2020-12-15 00:00:00,152.53,155.61,150.44,150.5,1.0,0.0
642,2020-12-16 00:00:00,150.5,159.29,147.33,158.93,1.0,1.0
643,2020-12-17 00:00:00,158.81,163.95,153.8,160.42,-1.0,0.0
644,2020-12-18 00:00:00,160.39,160.48,153.06,154.44,-1.0,0.0
645,2020-12-19 00:00:00,154.61,158.76,153.7,154.6,-1.0,1.0
646,2020-12-20 00:00:00,154.58,156.96,151.0,152.42,-1.0,1.0
647,2020-12-21 00:00:00,152.27,153.67,142.64,145.66,1.0,1.0
648,2020-12-22 00:00:00,145.66,157.53,143.75,156.56,-1.0,1.0
649,2020-12-23 00:00:00,156.57,169.04,147.93,150.92,1.0,0.0
650,2020-12-24 00:00:00,150.73,158.79,146.35,156.86,1.0,1.0
651,2020-12-25 00:00:00,156.72,161.0,152.44,159.14,1.0,0.0
652,2020-12-26 00:00:00,159.21,168.34,158.79,168.21,-1.0,0.0
653,2020-12-27 00:00:00,168.24,171.32,155.9,156.99,1.0,0.0
654,2020-12-28 00:00:00,156.99,168.6,156.35,166.64,-1.0,1.0
655,2020-12-29 00:00:00,166.47,167.48,155.0,161.54,-1.0,0.0
656,2020-12-30 00:00:00,161.54,164.26,157.5,159.55,-1.0,1.0
657,2020-12-31 00:00:00,159.55,161.66,155.36,156.22,-1.0,1.0
658,2021-01-01 00:00:00,156.2,169.09,130.23,135.81,1.0,1.0
659,2021-01-02 00:00:00,135.73,145.56,128.32,143.52,-1.0,1.0
660,2021-01-03 00:00:00,143.52,145.08,131.0,138.26,-1.0,0.0
661,2021-01-04 00:00:00,138.24,143.9,128.72,133.79,1.0,1.0
662,2021-01-05 00:00:00,133.76,139.6,129.04,136.0,1.0,1.0
663,2021-01-06 00:00:00,136.0,142.37,132.53,142.31,1.0,0.0
664,2021-01-07 00:00:00,142.37,153.1,139.3,142.9,-1.0,0.0
665,2021-01-08 00:00:00,142.95,150.28,135.37,142.11,1.0,0.0
666,2021-01-09 00:00:00,142.13,149.05,139.07,147.4,1.0,1.0
667,2021-01-10 00:00:00,147.36,190.0,147.36,184.89,-1.0,0.0
668,2021-01-11 00:00:00,185.03,186.42,142.0,157.96,1.0,0.0
669,2021-01-12 00:00:00,157.94,174.24,153.69,159.09,1.0,1.0
670,2021-01-13 00:00:00,159.16,173.26,152.29,171.55,-1.0,0.0
671,2021-01-14 00:00:00,171.2,171.87,160.61,163.81,-1.0,0.0
672,2021-01-15 00:00:00,163.86,167.82,147.47,156.98,-1.0,1.0
673,2021-01-16 00:00:00,156.99,162.0,152.49,155.56,1.0,1.0
674,2021-01-17 00:00:00,155.57,164.49,149.77,159.65,-1.0,1.0
675,2021-01-18 00:00:00,159.61,160.81,150.22,156.98,1.0,0.0
676,2021-01-19 00:00:00,156.93,165.62,152.54,157.27,-1.0,1.0
677,2021-01-20 00:00:00,157.14,161.58,146.02,152.77,-1.0,0.0
678,2021-01-21 00:00:00,152.78,153.14,128.02,130.53,1.0,1.0
679,2021-01-22 00:00:00,130.54,141.22,121.82,135.79,1.0,1.0
680,2021-01-23 00:00:00,135.78,141.76,133.74,139.03,-1.0,0.0
681,2021-01-24 00:00:00,139.06,143.06,134.07,138.03,-1.0,0.0
682,2021-01-25 00:00:00,138.04,145.55,136.8,137.16,1.0,1.0
683,2021-01-26 00:00:00,137.14,141.0,133.2,137.85,-1.0,1.0
684,2021-01-27 00:00:00,137.86,138.18,125.06,125.45,1.0,0.0
685,2021-01-28 00:00:00,125.41,140.21,123.55,135.43,1.0,1.0
686,2021-01-29 00:00:00,135.51,150.0,132.07,140.31,-1.0,0.0
687,2021-01-30 00:00:00,140.34,142.18,136.16,139.43,-1.0,0.0
688,2021-01-31 00:00:00,139.44,140.45,132.17,137.73,1.0,1.0
689,2021-02-01 00:00:00,137.73,146.29,135.64,143.36,1.0,1.0
690,2021-02-02 00:00:00,143.32,151.97,142.75,151.19,1.0,0.0
691,2021-02-03 00:00:00,151.2,155.24,150.15,154.6,-1.0,0.0
692,2021-02-04 00:00:00,154.65,155.51,147.68,148.04,1.0,0.0
693,2021-02-05 00:00:00,148.09,156.43,147.41,155.4,-1.0,1.0
694,2021-02-06 00:00:00,155.46,158.16,152.0,152.06,-1.0,0.0
695,2021-02-07 00:00:00,152.11,156.08,147.21,150.31,1.0,1.0
696,2021-02-08 00:00:00,150.3,163.84,147.22,163.21,1.0,1.0
697,2021-02-09 00:00:00,163.09,178.0,158.5,169.14,1.0,0.0
698,2021-02-10 00:00:00,169.09,183.0,165.0,175.6,1.0,0.0
699,2021-02-11 00:00:00,175.5,192.55,170.55,190.49,1.0,0.0
700,2021-02-12 00:00:00,190.48,215.8,190.28,200.64,1.0,0.0
701,2021-02-13 00:00:00,200.57,255.32,196.39,240.99,-1.0,0.0
702,2021-02-14 00:00:00,241.1,243.2,223.01,230.14,-1.0,0.0
703,2021-02-15 00:00:00,230.13,234.15,200.83,228.21,-1.0,1.0
704,2021-02-16 00:00:00,228.24,237.0,210.22,221.48,1.0,1.0
705,2021-02-17 00:00:00,221.43,275.0,220.73,272.25,-1.0,1.0
706,2021-02-18 00:00:00,272.11,276.69,246.33,260.94,1.0,0.0
707,2021-02-19 00:00:00,261.17,283.94,252.5,282.51,-1.0,1.0
708,2021-02-20 00:00:00,282.21,288.8,245.55,255.11,-1.0,0.0
709,2021-02-21 00:00:00,255.02,261.26,243.46,247.28,-1.0,1.0
710,2021-02-22 00:00:00,247.37,248.66,186.95,224.22,-1.0,1.0
711,2021-02-23 00:00:00,224.29,225.57,170.15,220.85,-1.0,1.0
712,2021-02-24 00:00:00,221.04,225.61,197.8,204.27,-1.0,1.0
713,2021-02-25 00:00:00,204.52,218.58,196.0,198.98,1.0,1.0
714,2021-02-26 00:00:00,198.61,217.92,193.51,204.2,1.0,1.0
715,2021-02-27 00:00:00,204.16,223.2,203.54,209.26,1.0,0.0
716,2021-02-28 00:00:00,209.34,227.5,198.24,219.18,1.0,0.0
717,2021-03-01 00:00:00,219.23,230.72,209.92,230.4,-1.0,0.0
718,2021-03-02 00:00:00,230.56,232.51,211.0,220.04,-1.0,0.0
719,2021-03-03 00:00:00,220.14,228.99,215.65,218.7,-1.0,1.0
720,2021-03-04 00:00:00,218.82,223.93,209.66,217.52,-1.0,1.0
721,2021-03-05 00:00:00,217.31,217.58,202.69,205.84,-1.0,1.0
722,2021-03-06 00:00:00,205.83,208.13,198.15,204.35,1.0,1.0
723,2021-03-07 00:00:00,204.51,210.27,202.17,208.99,1.0,1.0
724,2021-03-08 00:00:00,209.07,221.24,204.0,221.08,1.0,0.0
725,2021-03-09 00:00:00,221.02,228.99,218.04,225.16,-1.0,0.0
726,2021-03-10 00:00:00,224.98,227.39,214.7,220.19,1.0,0.0
727,2021-03-11 00:00:00,220.16,226.34,212.76,221.11,1.0,1.0
728,2021-03-12 00:00:00,221.06,226.02,214.9,222.85,1.0,0.0
729,2021-03-13 00:00:00,222.89,239.46,218.1,239.46,-1.0,0.0
730,2021-03-14 00:00:00,239.44,241.0,229.21,232.25,-1.0,0.0
731,2021-03-15 00:00:00,232.21,238.19,215.39,221.88,1.0,1.0
732,2021-03-16 00:00:00,221.93,229.99,211.08,229.92,1.0,1.0
733,2021-03-17 00:00:00,229.92,237.37,225.61,236.2,-1.0,0.0
734,2021-03-18 00:00:00,235.87,240.33,227.53,228.04,1.0,0.0
735,2021-03-19 00:00:00,228.03,236.01,223.28,231.43,1.0,1.0
736,2021-03-20 00:00:00,231.42,237.31,230.21,231.95,-1.0,0.0
737,2021-03-21 00:00:00,231.99,238.88,225.79,231.66,-1.0,0.0
738,2021-03-22 00:00:00,231.71,233.27,217.0,217.08,1.0,1.0
739,2021-03-23 00:00:00,217.11,225.13,211.46,218.02,-1.0,1.0
740,2021-03-24 00:00:00,217.94,230.0,206.58,210.67,1.0,0.0
741,2021-03-25 00:00:00,210.75,221.48,204.59,214.33,1.0,1.0
742,2021-03-26 00:00:00,214.45,225.93,214.2,221.7,-1.0,0.0
743,2021-03-27 00:00:00,221.68,223.9,214.03,221.27,1.0,0.0
744,2021-03-28 00:00:00,221.25,233.0,217.51,232.66,1.0,1.0
745,2021-03-29 00:00:00,232.64,241.9,230.55,233.8,1.0,0.0
746,2021-03-30 00:00:00,233.8,247.5,232.28,244.39,1.0,0.0
747,2021-03-31 00:00:00,244.37,264.0,242.22,245.8,1.0,0.0
748,2021-04-01 00:00:00,245.82,255.55,244.42,250.65,1.0,0.0
749,2021-04-02 00:00:00,250.65,261.4,249.0,257.7,-1.0,0.0
750,2021-04-03 00:00:00,257.72,267.22,253.18,257.23,1.0,0.0
751,2021-04-04 00:00:00,257.2,272.5,247.12,263.6,1.0,1.0
752,2021-04-05 00:00:00,263.49,270.0,260.0,265.37,1.0,0.0
753,2021-04-06 00:00:00,265.56,277.2,261.58,270.68,-1.0,0.0
754,2021-04-07 00:00:00,270.73,280.0,252.68,257.44,1.0,0.0
755,2021-04-08 00:00:00,257.26,271.88,250.54,269.69,1.0,1.0
756,2021-04-09 00:00:00,269.69,290.0,265.94,273.37,1.0,0.0
757,2021-04-10 00:00:00,273.37,299.0,272.98,291.72,1.0,0.0
758,2021-04-11 00:00:00,291.79,329.51,291.35,328.9,-1.0,0.0
759,2021-04-12 00:00:00,328.93,345.0,313.67,314.32,1.0,0.0
760,2021-04-13 00:00:00,314.29,331.38,307.0,327.43,-1.0,1.0
761,2021-04-14 00:00:00,327.62,331.1,308.29,320.65,1.0,0.0
762,2021-04-15 00:00:00,320.71,347.88,318.4,344.4,-1.0,1.0
763,2021-04-16 00:00:00,344.2,347.0,313.49,340.66,1.0,0.0
764,2021-04-17 00:00:00,340.61,375.4,340.58,363.77,-1.0,1.0
765,2021-04-18 00:00:00,363.69,376.24,281.0,338.48,1.0,0.0
766,2021-04-19 00:00:00,338.45,366.25,305.12,358.07,1.0,1.0
767,2021-04-20 00:00:00,357.45,415.4,328.01,404.34,-1.0,0.0
768,2021-04-21 00:00:00,404.49,426.47,372.5,375.44,-1.0,0.0
769,2021-04-22 00:00:00,375.39,390.99,343.32,346.68,1.0,1.0
770,2021-04-23 00:00:00,346.77,355.0,300.47,354.37,1.0,1.0
771,2021-04-24 00:00:00,354.73,397.28,338.01,381.18,-1.0,0.0
772,2021-04-25 00:00:00,381.45,406.45,334.65,355.44,1.0,0.0
773,2021-04-26 00:00:00,355.35,406.14,340.04,405.46,-1.0,1.0
774,2021-04-27 00:00:00,405.43,413.0,384.78,401.6,1.0,0.0
775,2021-04-28 00:00:00,401.65,440.0,399.15,413.54,-1.0,1.0
776,2021-04-29 00:00:00,413.28,426.04,399.0,407.32,1.0,0.0
777,2021-04-30 00:00:00,407.32,423.01,403.1,421.78,1.0,1.0
778,2021-05-01 00:00:00,421.67,434.56,415.5,425.76,-1.0,0.0
779,2021-05-02 00:00:00,425.77,427.0,400.0,404.46,1.0,0.0
780,2021-05-03 00:00:00,404.28,426.49,399.16,411.31,-1.0,1.0
781,2021-05-04 00:00:00,411.46,411.95,378.28,379.54,1.0,0.0
782,2021-05-05 00:00:00,379.53,418.0,375.69,417.16,1.0,1.0
783,2021-05-06 00:00:00,417.11,435.99,404.25,422.45,1.0,0.0
784,2021-05-07 00:00:00,422.42,519.13,422.2,454.81,1.0,0.0
785,2021-05-08 00:00:00,454.74,488.98,451.24,475.59,1.0,0.0
786,2021-05-09 00:00:00,475.95,486.67,446.08,484.0,-1.0,0.0
787,2021-05-10 00:00:00,484.29,497.55,422.22,441.03,1.0,0.0
788,2021-05-11 00:00:00,441.56,454.67,420.1,453.41,-1.0,1.0
789,2021-05-12 00:00:00,453.42,480.0,385.3,396.06,1.0,0.0
790,2021-05-13 00:00:00,395.47,420.97,369.78,402.34,1.0,1.0
791,2021-05-14 00:00:00,402.43,422.28,394.3,412.91,-1.0,0.0
792,2021-05-15 00:00:00,412.84,441.99,381.05,382.38,1.0,0.0
793,2021-05-16 00:00:00,382.47,404.47,371.0,390.65,-1.0,1.0
794,2021-05-17 00:00:00,390.55,390.57,329.95,339.87,1.0,0.0
795,2021-05-18 00:00:00,339.8,360.88,326.23,341.02,-1.0,1.0
796,2021-05-19 00:00:00,340.89,347.0,124.69,197.34,1.0,0.0
797,2021-05-20 00:00:00,197.58,289.99,180.0,280.79,-1.0,1.0
798,2021-05-21 00:00:00,280.7,329.99,227.02,256.2,-1.0,0.0
799,2021-05-22 00:00:00,256.18,262.59,222.46,231.12,-1.0,1.0
800,2021-05-23 00:00:00,231.03,261.24,174.33,225.5,1.0,1.0
801,2021-05-24 00:00:00,225.81,256.94,214.66,256.22,-1.0,1.0
802,2021-05-25 00:00:00,256.39,265.5,226.55,246.62,1.0,0.0
803,2021-05-26 00:00:00,246.66,275.0,242.63,268.53,-1.0,1.0
804,2021-05-27 00:00:00,268.55,269.2,242.89,252.84,1.0,0.0
805,2021-05-28 00:00:00,252.81,267.22,218.99,262.1,-1.0,1.0
806,2021-05-29 00:00:00,262.3,297.4,229.15,243.16,1.0,0.0
807,2021-05-30 00:00:00,243.13,268.45,226.02,261.9,1.0,1.0
808,2021-05-31 00:00:00,261.88,275.86,242.45,272.21,-1.0,0.0
809,2021-06-01 00:00:00,272.11,276.5,252.5,266.37,1.0,0.0
810,2021-06-02 00:00:00,266.4,295.0,262.5,294.63,1.0,1.0
811,2021-06-03 00:00:00,294.63,316.23,285.67,309.57,-1.0,0.0
812,2021-06-04 00:00:00,309.62,312.24,267.65,287.36,-1.0,0.0
813,2021-06-05 00:00:00,287.41,295.14,256.91,264.01,1.0,1.0
814,2021-06-06 00:00:00,263.91,276.9,262.34,272.5,-1.0,1.0
815,2021-06-07 00:00:00,272.5,282.16,247.0,249.02,1.0,0.0
816,2021-06-08 00:00:00,248.96,255.73,222.27,253.61,1.0,1.0
817,2021-06-09 00:00:00,253.59,275.31,237.22,274.87,-1.0,0.0
818,2021-06-10 00:00:00,274.77,283.0,254.3,255.6,-1.0,0.0
819,2021-06-11 00:00:00,255.62,258.61,240.33,242.89,1.0,1.0
820,2021-06-12 00:00:00,242.9,251.8,232.0,243.04,1.0,1.0
821,2021-06-13 00:00:00,243.06,262.29,237.45,260.75,1.0,0.0
822,2021-06-14 00:00:00,260.79,275.59,258.44,275.57,1.0,0.0
823,2021-06-15 00:00:00,275.51,285.5,272.1,278.15,-1.0,0.0
824,2021-06-16 00:00:00,278.14,288.66,259.35,262.94,1.0,0.0
825,2021-06-17 00:00:00,262.9,281.95,261.77,277.12,-1.0,1.0
826,2021-06-18 00:00:00,277.17,280.0,260.88,265.77,1.0,0.0
827,2021-06-19 00:00:00,265.88,282.15,263.07,267.9,-1.0,1.0
828,2021-06-20 00:00:00,267.96,271.36,247.66,264.53,-1.0,0.0
829,2021-06-21 00:00:00,264.56,265.71,200.17,203.05,-1.0,1.0
830,2021-06-22 00:00:00,202.98,225.94,180.07,201.81,1.0,1.0
831,2021-06-23 00:00:00,201.81,224.14,192.59,218.51,1.0,1.0
832,2021-06-24 00:00:00,218.66,227.26,204.25,225.74,-1.0,0.0
833,2021-06-25 00:00:00,225.76,227.76,192.64,194.95,1.0,0.0
834,2021-06-26 00:00:00,194.85,202.95,185.13,202.84,1.0,1.0
835,2021-06-27 00:00:00,202.83,212.05,195.51,211.92,1.0,0.0
836,2021-06-28 00:00:00,211.92,217.59,205.91,213.17,1.0,0.0
837,2021-06-29 00:00:00,213.25,227.04,212.17,217.89,1.0,0.0
838,2021-06-30 00:00:00,217.81,223.84,208.81,223.06,-1.0,0.0
839,2021-07-01 00:00:00,223.09,223.37,203.18,205.44,1.0,0.0
840,2021-07-02 00:00:00,205.52,211.86,199.3,211.35,1.0,1.0
841,2021-07-03 00:00:00,211.35,216.35,206.7,214.86,1.0,0.0
842,2021-07-04 00:00:00,214.83,225.3,212.88,219.92,-1.0,0.0
843,2021-07-05 00:00:00,219.87,220.55,205.63,214.47,1.0,0.0
844,2021-07-06 00:00:00,214.45,222.34,211.77,221.75,-1.0,1.0
845,2021-07-07 00:00:00,221.74,231.61,214.21,215.17,-1.0,0.0
846,2021-07-08 00:00:00,215.01,215.77,201.82,205.23,1.0,1.0
847,2021-07-09 00:00:00,205.27,215.0,199.69,212.87,-1.0,1.0
848,2021-07-10 00:00:00,212.86,217.63,206.74,209.7,1.0,0.0
849,2021-07-11 00:00:00,209.66,214.68,207.88,211.52,-1.0,1.0
850,2021-07-12 00:00:00,211.88,216.81,203.04,206.25,-1.0,0.0
851,2021-07-13 00:00:00,206.17,211.58,200.39,203.83,-1.0,1.0
852,2021-07-14 00:00:00,203.8,205.04,192.24,203.38,-1.0,1.0
853,2021-07-15 00:00:00,203.42,205.56,190.17,196.71,-1.0,1.0
854,2021-07-16 00:00:00,196.67,200.0,191.33,192.95,1.0,1.0
855,2021-07-17 00:00:00,192.89,199.72,191.0,197.56,1.0,1.0
856,2021-07-18 00:00:00,197.61,205.0,196.87,199.41,-1.0,0.0
857,2021-07-19 00:00:00,199.51,200.4,187.56,189.02,-1.0,0.0
858,2021-07-20 00:00:00,189.1,191.63,178.6,182.89,1.0,1.0
859,2021-07-21 00:00:00,182.89,200.41,178.92,196.77,1.0,1.0
860,2021-07-22 00:00:00,196.77,202.54,190.02,197.7,1.0,0.0
861,2021-07-23 00:00:00,197.7,203.96,194.29,203.96,1.0,0.0
862,2021-07-24 00:00:00,203.92,210.77,201.76,208.52,1.0,0.0
863,2021-07-25 00:00:00,208.49,214.67,203.96,212.91,1.0,0.0
864,2021-07-26 00:00:00,212.87,234.97,212.5,218.07,1.0,0.0
865,2021-07-27 00:00:00,218.07,226.65,214.0,225.59,1.0,0.0
866,2021-07-28 00:00:00,225.64,235.5,222.19,235.44,1.0,0.0
867,2021-07-29 00:00:00,235.35,248.12,230.7,241.67,1.0,0.0
868,2021-07-30 00:00:00,241.67,245.44,230.0,242.01,-1.0,0.0
869,2021-07-31 00:00:00,242.01,249.06,234.29,239.86,-1.0,0.0
870,2021-08-01 00:00:00,239.87,249.47,232.0,235.45,-1.0,1.0
871,2021-08-02 00:00:00,235.57,244.63,228.18,232.58,-1.0,1.0
872,2021-08-03 00:00:00,232.68,236.83,223.53,226.02,1.0,1.0
873,2021-08-04 00:00:00,225.93,245.71,223.0,244.38,1.0,1.0
874,2021-08-05 00:00:00,244.27,254.04,237.26,252.84,1.0,0.0
875,2021-08-06 00:00:00,252.91,267.75,250.51,263.09,1.0,0.0
876,2021-08-07 00:00:00,263.18,275.92,258.79,271.83,-1.0,0.0
877,2021-08-08 00:00:00,271.86,274.79,256.0,257.12,1.0,0.0
878,2021-08-09 00:00:00,257.23,271.99,253.64,269.31,-1.0,1.0
879,2021-08-10 00:00:00,269.3,271.08,260.14,266.34,1.0,0.0
880,2021-08-11 00:00:00,266.51,279.38,265.72,268.03,-1.0,1.0
881,2021-08-12 00:00:00,268.04,276.62,252.24,257.42,1.0,0.0
882,2021-08-13 00:00:00,257.5,273.45,254.81,272.89,-1.0,1.0
883,2021-08-14 00:00:00,273.0,279.39,264.69,271.6,1.0,0.0
884,2021-08-15 00:00:00,271.53,275.0,261.52,271.86,-1.0,1.0
885,2021-08-16 00:00:00,271.8,285.0,266.11,266.5,-1.0,0.0
886,2021-08-17 00:00:00,266.65,278.06,255.31,256.23,-1.0,1.0
887,2021-08-18 00:00:00,256.4,262.07,245.66,252.51,1.0,1.0
888,2021-08-19 00:00:00,252.56,264.36,247.02,264.19,1.0,1.0
889,2021-08-20 00:00:00,264.18,283.29,262.0,282.06,1.0,0.0
890,2021-08-21 00:00:00,282.06,293.42,272.5,287.98,1.0,0.0
891,2021-08-22 00:00:00,287.96,306.77,275.03,306.38,1.0,0.0
892,2021-08-23 00:00:00,306.3,334.41,301.81,318.17,-1.0,0.0
893,2021-08-24 00:00:00,318.05,339.72,302.67,307.33,1.0,0.0
894,2021-08-25 00:00:00,307.33,325.14,297.45,314.29,-1.0,1.0
895,2021-08-26 00:00:00,314.21,317.75,286.1,291.4,1.0,0.0
896,2021-08-27 00:00:00,291.4,316.7,285.7,315.0,-1.0,1.0
897,2021-08-28 00:00:00,314.8,316.6,298.2,300.5,-1.0,0.0
898,2021-08-29 00:00:00,300.6,306.8,287.1,291.4,-1.0,1.0
899,2021-08-30 00:00:00,291.4,295.1,280.1,281.8,1.0,1.0
900,2021-08-31 00:00:00,281.9,292.7,279.2,285.8,1.0,1.0
901,2021-09-01 00:00:00,285.8,303.6,280.0,302.9,-1.0,0.0
902,2021-09-02 00:00:00,302.8,309.5,297.5,302.5,1.0,0.0
903,2021-09-03 00:00:00,302.5,309.7,296.6,304.1,1.0,1.0
904,2021-09-04 00:00:00,304.2,311.4,298.5,305.1,1.0,0.0
905,2021-09-05 00:00:00,305.2,319.6,299.6,315.4,-1.0,0.0
906,2021-09-06 00:00:00,315.4,321.7,300.3,314.8,-1.0,0.0
907,2021-09-07 00:00:00,314.8,316.3,232.0,263.2,-1.0,1.0
908,2021-09-08 00:00:00,263.3,271.1,245.0,257.1,1.0,1.0
909,2021-09-09 00:00:00,257.2,267.0,253.5,261.8,-1.0,1.0
910,2021-09-10 00:00:00,261.7,268.3,244.2,249.2,1.0,0.0
911,2021-09-11 00:00:00,249.2,258.8,247.2,249.8,1.0,1.0
912,2021-09-12 00:00:00,249.8,258.5,246.2,256.2,1.0,0.0
913,2021-09-13 00:00:00,256.3,270.7,241.1,263.3,1.0,0.0
914,2021-09-14 00:00:00,263.4,275.5,255.8,269.1,1.0,0.0
915,2021-09-15 00:00:00,269.1,275.0,265.3,269.3,-1.0,0.0
916,2021-09-16 00:00:00,269.4,273.3,259.6,264.0,-1.0,0.0
917,2021-09-17 00:00:00,263.9,267.7,256.9,262.7,1.0,1.0
918,2021-09-18 00:00:00,262.7,272.0,259.9,271.7,-1.0,1.0
919,2021-09-19 00:00:00,271.8,276.5,258.1,259.8,-1.0,0.0
920,2021-09-20 00:00:00,259.9,261.6,225.9,232.7,-1.0,1.0
921,2021-09-21 00:00:00,232.7,237.5,212.0,218.0,1.0,1.0
